{"cameraMode":{"drawMode":0,"name":"Shaded","section":"Shading Mode"},"sceneLighting":false,"audioPlay":false,"sceneViewState":{"m_AlwaysRefresh":false,"showFog":true,"showSkybox":false,"showFlares":true,"showImageEffects":true,"showParticleSystems":true,"showVisualEffectGraphs":true,"m_FxEnabled":true},"in2DMode":false,"pivot":{"x":10.617345809936524,"y":0.7914662957191467,"z":17.700748443603517},"rotation":{"x":0.2556152045726776,"y":0.2946069538593292,"z":-0.08211886137723923,"w":0.9171561598777771},"size":0.8341919183731079,"orthographic":false}