{"cameraMode":{"drawMode":0,"name":"Shaded","section":"Shading Mode"},"sceneLighting":false,"audioPlay":false,"sceneViewState":{"m_AlwaysRefresh":false,"showFog":true,"showSkybox":false,"showFlares":true,"showImageEffects":true,"showParticleSystems":true,"showVisualEffectGraphs":true,"m_FxEnabled":true},"in2DMode":false,"pivot":{"x":0.20142629742622376,"y":-0.0349418967962265,"z":-0.45125895738601687},"rotation":{"x":-0.0031445834320038559,"y":0.9325544834136963,"z":-0.3609633147716522,"w":-0.008111021481454373},"size":0.6872087717056274,"orthographic":false}